id_candidat,critere,libelle,poids,points,points_a_verifier,faits,regle,a_verifier,source
01_lea_vasseur,academique,Excellence académique,6.0,6.0,0.0,"Baccalauréat Général; Mention Très Bien; Lycée Henri IV, Paris","Mention explicite : TB 6 ; B 4,5 ; AB 3,5 ; sans mention 2. Aucun point lié à la réputation du lycée ou au redoublement.",Vérifier la mention sur le justificatif académique.,datas_extract/01_lea_vasseur.txt
01_lea_vasseur,quantitatif,Aptitude quantitative,4.0,4.0,0.0,Mathématiques; Physique-Chimie; NSI; 2025 - Olympiades Académiques de Mathématiques - Qualifiée pour la seconde phase - académie de Paris; Moyenne générale de Terminale — 17.4; Moyenne en mathématiques — 18.2,"Maths en spécialité +1,5 ; autre spécialité scientifique +0,5 ; concours scientifique +0,5 ; note de maths jusqu'à +1,5.",Moyenne en mathématiques : 18.2/20 retenu.,datas_extract/01_lea_vasseur.txt
01_lea_vasseur,tech,Compétences data / tech,2.0,1.75,0.0,"Python — bon niveau (pandas, matplotlib); SQL — requêtes, jointures; pandas; matplotlib; Power BI — tableaux de bord; Excel — avancé (TCD, recherchev); Git; GitHub; StatsLigue1 : scraping et traitement de 5 saisons de statistiques ; visualisations et modèle simple de prédiction ; projet open source, environ 40 étoiles sur GitHub","Socle 0,5 ; langage +0,5 ; outil data/Excel avancé +0,25 ; projet +0,5 (+0,25 si inachevé) ; certification data obtenue +0,25.",Les niveaux sont déclarés. Contrôler les projets et certificats ; une technologie hors liste demande une revue.,datas_extract/01_lea_vasseur.txt
01_lea_vasseur,langues,Anglais et langues,2.0,2.0,0.0,Anglais — TOEFL iBT — 112/120; Espagnol — B1,"Anglais jusqu'à 1,5 selon le niveau ou le score explicite ; autre langue mentionnée +0,5.",Barème du projet pour TOEFL iBT 112/120 ; aucune conversion CECRL.,datas_extract/01_lea_vasseur.txt
01_lea_vasseur,experience,Expérience professionnelle,3.0,1.75,0.0,"stage — stagiaire Data — Nivo Finance — 2 semaines — Nettoyage et consolidation d'un jeu de données clients (environ 30 000 lignes) sous Python, Construction de deux tableaux de bord Power BI suivis par l'équipe commerciale, Restitution orale des résultats devant 4 collaborateurs","Socle 0,5 ; première expérience +0,75 ; deuxième +0,75 ; missions décrites +0,5 ; régularité ou durée explicite suffisante +0,5.",Durées conservées telles qu'écrites ; pas de conversion approximative des dates.,datas_extract/01_lea_vasseur.txt
01_lea_vasseur,engagement,Engagement et responsabilités,2.0,2.0,0.0,Vice-présidente — Club Entrepreneuriat du lycée — Organisation de 3 conférences et d’un concours de pitch (environ 80 participants); Escalade — club — 4 ans,"Activité collective +0,5 ; responsabilité explicite +0,75 ; action associée décrite +0,75.",Les loisirs individuels seuls ne constituent pas un engagement collectif.,datas_extract/01_lea_vasseur.txt
01_lea_vasseur,international,Ouverture internationale,0.5,0.5,0.0,"Canada — Échange scolaire à Toronto, Northern Secondary School — Un semestre","Socle 0,25 même sans séjour ; séjour d'études/échange/immersion explicite +0,25. Aucun point pour la nationalité.",Motif du séjour à vérifier s'il est ambigu.,datas_extract/01_lea_vasseur.txt
01_lea_vasseur,coherence,Liens factuels avec Business & Data,0.5,0.5,0.0,"Rubriques avec un lien explicite : formation, competences, experiences","+0,25 par rubrique reliée à Business & Data, plafond 0,5. Indicateur de liens factuels, sans jugement sur la motivation.",La cohérence du projet personnel reste à discuter avec le candidat.,datas_extract/01_lea_vasseur.txt
02_nathan_girard,academique,Excellence académique,6.0,6.0,0.0,"Baccalauréat Général; Mention Très Bien; Lycée du Parc, Lyon","Mention explicite : TB 6 ; B 4,5 ; AB 3,5 ; sans mention 2. Aucun point lié à la réputation du lycée ou au redoublement.",Vérifier la mention sur le justificatif académique.,datas_extract/02_nathan_girard.txt
02_nathan_girard,quantitatif,Aptitude quantitative,4.0,3.5,0.0,Mathématiques; SES; NSI; Moyenne générale — 16.8; Mathématiques — 16.5,"Maths en spécialité +1,5 ; autre spécialité scientifique +0,5 ; concours scientifique +0,5 ; note de maths jusqu'à +1,5.",Mathématiques : 16.5/20 retenu.,datas_extract/02_nathan_girard.txt
02_nathan_girard,tech,Compétences data / tech,2.0,1.5,0.0,"SQL — certification DataCamp; Python — bases (syntaxe, boucles); Excel — TCD, formules imbriquées; Canva; Google Workspace; PowerPoint; DataCamp - Introduction to SQL (2026); PIX - niveau 5","Socle 0,5 ; langage +0,5 ; outil data/Excel avancé +0,25 ; projet +0,5 (+0,25 si inachevé) ; certification data obtenue +0,25.",Les niveaux sont déclarés. Contrôler les projets et certificats ; une technologie hors liste demande une revue.,datas_extract/02_nathan_girard.txt
02_nathan_girard,langues,Anglais et langues,2.0,2.0,0.0,Anglais — C1 — Cambridge C1 Advanced; Allemand — B1,"Anglais jusqu'à 1,5 selon le niveau ou le score explicite ; autre langue mentionnée +0,5.",Niveau explicitement annoncé : C1 Cambridge C1 Advanced (déclaratif sauf certificat vérifié).,datas_extract/02_nathan_girard.txt
02_nathan_girard,experience,Expérience professionnelle,3.0,3.0,0.0,"stage — Stage d’observation — Cabinet Aurea Conseil — Février 2026 — Observation de deux réunions de cadrage client ; mise en forme d’une étude de marché (Excel, PowerPoint); job_etudiant — Serveur — Brasserie Le Central — Été 2025, 6 semaines — Service en salle","Socle 0,5 ; première expérience +0,75 ; deuxième +0,75 ; missions décrites +0,5 ; régularité ou durée explicite suffisante +0,5.",Durées conservées telles qu'écrites ; pas de conversion approximative des dates.,datas_extract/02_nathan_girard.txt
02_nathan_girard,engagement,Engagement et responsabilités,2.0,2.0,0.0,Fondateur & Président — Association Tutorat Parc — 2024–2026 : création de la structure et dépôt des statuts ; animation de 15 bénévoles ; accompagnement d’une soixantaine de collégiens sur deux ans ; 1 200 € de subventions,"Activité collective +0,5 ; responsabilité explicite +0,75 ; action associée décrite +0,75.",Les loisirs individuels seuls ne constituent pas un engagement collectif.,datas_extract/02_nathan_girard.txt
02_nathan_girard,international,Ouverture internationale,0.5,0.5,0.0,"Allemagne — Immersion linguistique à Hambourg, échange en famille d’accueil — 2024, 2 semaines","Socle 0,25 même sans séjour ; séjour d'études/échange/immersion explicite +0,25. Aucun point pour la nationalité.",Motif du séjour à vérifier s'il est ambigu.,datas_extract/02_nathan_girard.txt
02_nathan_girard,coherence,Liens factuels avec Business & Data,0.5,0.5,0.0,"Rubriques avec un lien explicite : formation, competences, experiences","+0,25 par rubrique reliée à Business & Data, plafond 0,5. Indicateur de liens factuels, sans jugement sur la motivation.",La cohérence du projet personnel reste à discuter avec le candidat.,datas_extract/02_nathan_girard.txt
03_camille_roussel,academique,Excellence académique,6.0,4.5,0.0,"Baccalauréat Général; Bien; Lycée Kléber, Strasbourg","Mention explicite : TB 6 ; B 4,5 ; AB 3,5 ; sans mention 2. Aucun point lié à la réputation du lycée ou au redoublement.",Vérifier la mention sur le justificatif académique.,datas_extract/03_camille_roussel.txt
03_camille_roussel,quantitatif,Aptitude quantitative,4.0,3.5,0.0,"Mathématiques; Physique-Chimie; Sciences de l’Ingénieur; Moyenne générale — 15.6; Moyenne générale, premier trimestre — 14.9; Moyenne générale, troisième trimestre — 16.4; Mathématiques — 16.1","Maths en spécialité +1,5 ; autre spécialité scientifique +0,5 ; concours scientifique +0,5 ; note de maths jusqu'à +1,5.",Mathématiques : 16.1/20 retenu.,datas_extract/03_camille_roussel.txt
03_camille_roussel,tech,Compétences data / tech,2.0,1.75,0.0,"Python — notions; Excel — avancé (TCD, graphiques); SolidWorks — cours de SI; Kaggle Titanic (2026) : participation individuelle, modèle de classification en Python ; classement intermédiaire, démarche menée de bout en bout, apprentissage autodidacte","Socle 0,5 ; langage +0,5 ; outil data/Excel avancé +0,25 ; projet +0,5 (+0,25 si inachevé) ; certification data obtenue +0,25.",Les niveaux sont déclarés. Contrôler les projets et certificats ; une technologie hors liste demande une revue.,datas_extract/03_camille_roussel.txt
03_camille_roussel,langues,Anglais et langues,2.0,1.5,0.0,"Anglais — B2 auto-évalué, pas de certification; Allemand — B1, section européenne au collège","Anglais jusqu'à 1,5 selon le niveau ou le score explicite ; autre langue mentionnée +0,5.","Niveau explicitement annoncé : B2 auto-évalué, pas de certification (déclaratif sauf certificat vérifié).",datas_extract/03_camille_roussel.txt
03_camille_roussel,experience,Expérience professionnelle,3.0,3.0,0.0,"stage — Stage découverte — Hartmann Industries, service qualité — Janvier 2026, 3 jours — Saisie et mise en forme d’indicateurs de production sous Excel ; découverte du suivi de performance en atelier; job_etudiant — Baby-sitting régulier — Deux familles — 2024–2026, 4 h par semaine sur deux années scolaires","Socle 0,5 ; première expérience +0,75 ; deuxième +0,75 ; missions décrites +0,5 ; régularité ou durée explicite suffisante +0,5.",Durées conservées telles qu'écrites ; pas de conversion approximative des dates.,datas_extract/03_camille_roussel.txt
03_camille_roussel,engagement,Engagement et responsabilités,2.0,2.0,0.0,"Trésorière — Conseil de Vie Lycéenne — 2025–2026 : gestion d’un budget annuel de 2 500 € pour les projets élèves; Capitaine — Équipe de basket, ASPTT Strasbourg — 2022–2026 : championnat régional U18, 3 entraînements hebdomadaires","Activité collective +0,5 ; responsabilité explicite +0,75 ; action associée décrite +0,75.",Les loisirs individuels seuls ne constituent pas un engagement collectif.,datas_extract/03_camille_roussel.txt
03_camille_roussel,international,Ouverture internationale,0.5,0.25,0.0,Aucun élément mentionné.,"Socle 0,25 même sans séjour ; séjour d'études/échange/immersion explicite +0,25. Aucun point pour la nationalité.",Motif du séjour à vérifier s'il est ambigu.,datas_extract/03_camille_roussel.txt
03_camille_roussel,coherence,Liens factuels avec Business & Data,0.5,0.5,0.0,"Rubriques avec un lien explicite : formation, competences","+0,25 par rubrique reliée à Business & Data, plafond 0,5. Indicateur de liens factuels, sans jugement sur la motivation.",La cohérence du projet personnel reste à discuter avec le candidat.,datas_extract/03_camille_roussel.txt
04_hugo_lefebvre,academique,Excellence académique,6.0,4.5,0.0,"Baccalauréat Général; Bien; Lycée Jean Moulin, Angers","Mention explicite : TB 6 ; B 4,5 ; AB 3,5 ; sans mention 2. Aucun point lié à la réputation du lycée ou au redoublement.",Vérifier la mention sur le justificatif académique.,datas_extract/04_hugo_lefebvre.txt
04_hugo_lefebvre,quantitatif,Aptitude quantitative,4.0,1.5,1.5,Mathématiques; SES; Histoire-Géographie; Moyenne générale — 14.8,"Maths en spécialité +1,5 ; autre spécialité scientifique +0,5 ; concours scientifique +0,5 ; note de maths jusqu'à +1,5.",Note de mathématiques absente ou plusieurs résultats sans ordre univoque. Aucun remplacement par la moyenne générale.,datas_extract/04_hugo_lefebvre.txt
04_hugo_lefebvre,tech,Compétences data / tech,2.0,0.5,0.0,Word — niveau courant; Excel — niveau courant; PowerPoint — niveau courant,"Socle 0,5 ; langage +0,5 ; outil data/Excel avancé +0,25 ; projet +0,5 (+0,25 si inachevé) ; certification data obtenue +0,25.",Les niveaux sont déclarés. Contrôler les projets et certificats ; une technologie hors liste demande une revue.,datas_extract/04_hugo_lefebvre.txt
04_hugo_lefebvre,langues,Anglais et langues,2.0,1.0,0.0,Anglais — scolaire (LV1); Espagnol — scolaire (LV2),"Anglais jusqu'à 1,5 selon le niveau ou le score explicite ; autre langue mentionnée +0,5.",Niveau explicitement annoncé : scolaire (LV1) (déclaratif sauf certificat vérifié).,datas_extract/04_hugo_lefebvre.txt
04_hugo_lefebvre,experience,Expérience professionnelle,3.0,3.0,0.0,"job_etudiant — Vendeur — Boulangerie Le Fournil d'Anjou — 2025–2026, samedis et dimanches matin — Accueil et conseil client, tenue de caisse, gestion de l’affluence du week-end; stage — Stage de 3e — Agence immobilière Foncia — 2022, une semaine — Observation","Socle 0,5 ; première expérience +0,75 ; deuxième +0,75 ; missions décrites +0,5 ; régularité ou durée explicite suffisante +0,5.",Durées conservées telles qu'écrites ; pas de conversion approximative des dates.,datas_extract/04_hugo_lefebvre.txt
04_hugo_lefebvre,engagement,Engagement et responsabilités,2.0,0.5,0.0,"Membre — Club théâtre du lycée — 2024–2026, participation aux deux représentations annuelles; Licencié, catégorie U18 — US Angers — Football en club, 2021–2024","Activité collective +0,5 ; responsabilité explicite +0,75 ; action associée décrite +0,75.",Les loisirs individuels seuls ne constituent pas un engagement collectif.,datas_extract/04_hugo_lefebvre.txt
04_hugo_lefebvre,international,Ouverture internationale,0.5,0.25,0.0,Aucun élément mentionné.,"Socle 0,25 même sans séjour ; séjour d'études/échange/immersion explicite +0,25. Aucun point pour la nationalité.",Motif du séjour à vérifier s'il est ambigu.,datas_extract/04_hugo_lefebvre.txt
04_hugo_lefebvre,coherence,Liens factuels avec Business & Data,0.5,0.5,0.0,"Rubriques avec un lien explicite : formation, experiences","+0,25 par rubrique reliée à Business & Data, plafond 0,5. Indicateur de liens factuels, sans jugement sur la motivation.",La cohérence du projet personnel reste à discuter avec le candidat.,datas_extract/04_hugo_lefebvre.txt
05_ines_benali,academique,Excellence académique,6.0,3.5,0.0,"Baccalauréat Général; Assez Bien; Lycée Marcelin Berthelot, Saint-Maur","Mention explicite : TB 6 ; B 4,5 ; AB 3,5 ; sans mention 2. Aucun point lié à la réputation du lycée ou au redoublement.",Vérifier la mention sur le justificatif académique.,datas_extract/05_ines_benali.txt
05_ines_benali,quantitatif,Aptitude quantitative,4.0,2.0,1.5,Mathématiques; SES; NSI; Moyenne générale — 13.2,"Maths en spécialité +1,5 ; autre spécialité scientifique +0,5 ; concours scientifique +0,5 ; note de maths jusqu'à +1,5.",Note de mathématiques absente ou plusieurs résultats sans ordre univoque. Aucun remplacement par la moyenne générale.,datas_extract/05_ines_benali.txt
05_ines_benali,tech,Compétences data / tech,2.0,1.75,0.0,Python — notions vues en NSI; Excel — tableaux croisés dynamiques; Word; PowerPoint; Google Sheets; Exposé de SES sur les inégalités de revenus : tableaux croisés dynamiques sous Excel,"Socle 0,5 ; langage +0,5 ; outil data/Excel avancé +0,25 ; projet +0,5 (+0,25 si inachevé) ; certification data obtenue +0,25.",Les niveaux sont déclarés. Contrôler les projets et certificats ; une technologie hors liste demande une revue.,datas_extract/05_ines_benali.txt
05_ines_benali,langues,Anglais et langues,2.0,1.25,0.0,"Anglais — B1; Espagnol — B2; Arabe — parlé, langue familiale","Anglais jusqu'à 1,5 selon le niveau ou le score explicite ; autre langue mentionnée +0,5.",Niveau explicitement annoncé : B1 (déclaratif sauf certificat vérifié).,datas_extract/05_ines_benali.txt
05_ines_benali,experience,Expérience professionnelle,3.0,2.25,0.0,"job_etudiant — Hôtesse de caisse — Carrefour Market — Étés 2024 et 2025, deux étés consécutifs — Encaissement, gestion des files d’attente, travail en équipe sur des horaires variables","Socle 0,5 ; première expérience +0,75 ; deuxième +0,75 ; missions décrites +0,5 ; régularité ou durée explicite suffisante +0,5.",Durées conservées telles qu'écrites ; pas de conversion approximative des dates.,datas_extract/05_ines_benali.txt
05_ines_benali,engagement,Engagement et responsabilités,2.0,0.0,0.0,Aucun élément mentionné.,"Activité collective +0,5 ; responsabilité explicite +0,75 ; action associée décrite +0,75.",Les loisirs individuels seuls ne constituent pas un engagement collectif.,datas_extract/05_ines_benali.txt
05_ines_benali,international,Ouverture internationale,0.5,0.25,0.0,Aucun élément mentionné.,"Socle 0,25 même sans séjour ; séjour d'études/échange/immersion explicite +0,25. Aucun point pour la nationalité.",Motif du séjour à vérifier s'il est ambigu.,datas_extract/05_ines_benali.txt
05_ines_benali,coherence,Liens factuels avec Business & Data,0.5,0.5,0.0,"Rubriques avec un lien explicite : formation, competences, experiences","+0,25 par rubrique reliée à Business & Data, plafond 0,5. Indicateur de liens factuels, sans jugement sur la motivation.",La cohérence du projet personnel reste à discuter avec le candidat.,datas_extract/05_ines_benali.txt
06_theo_barbier,academique,Excellence académique,6.0,4.5,0.0,"Baccalauréat Général; Bien; Lycée Montaigne, Bordeaux","Mention explicite : TB 6 ; B 4,5 ; AB 3,5 ; sans mention 2. Aucun point lié à la réputation du lycée ou au redoublement.",Vérifier la mention sur le justificatif académique.,datas_extract/06_theo_barbier.txt
06_theo_barbier,quantitatif,Aptitude quantitative,4.0,2.25,0.0,HGGSP; SES; Mathématiques; Moyenne générale — 14.6; Mathématiques — 12.8; HGGSP — 16.2,"Maths en spécialité +1,5 ; autre spécialité scientifique +0,5 ; concours scientifique +0,5 ; note de maths jusqu'à +1,5.",Mathématiques : 12.8/20 retenu.,datas_extract/06_theo_barbier.txt
06_theo_barbier,tech,Compétences data / tech,2.0,0.5,0.0,Word; PowerPoint; Excel — niveau basique,"Socle 0,5 ; langage +0,5 ; outil data/Excel avancé +0,25 ; projet +0,5 (+0,25 si inachevé) ; certification data obtenue +0,25.",Les niveaux sont déclarés. Contrôler les projets et certificats ; une technologie hors liste demande une revue.,datas_extract/06_theo_barbier.txt
06_theo_barbier,langues,Anglais et langues,2.0,1.0,0.0,Anglais — scolaire (LV1); Italien — scolaire (LV2),"Anglais jusqu'à 1,5 selon le niveau ou le score explicite ; autre langue mentionnée +0,5.",Niveau explicitement annoncé : scolaire (LV1) (déclaratif sauf certificat vérifié).,datas_extract/06_theo_barbier.txt
06_theo_barbier,experience,Expérience professionnelle,3.0,0.5,0.0,Aucun élément mentionné.,"Socle 0,5 ; première expérience +0,75 ; deuxième +0,75 ; missions décrites +0,5 ; régularité ou durée explicite suffisante +0,5.",Durées conservées telles qu'écrites ; pas de conversion approximative des dates.,datas_extract/06_theo_barbier.txt
06_theo_barbier,engagement,Engagement et responsabilités,2.0,0.5,0.0,"Bénévole — Banque Alimentaire de Gironde — 2024–2026 : participation aux collectes nationales, environ 4 journées par an; Tennis en club — Loisir","Activité collective +0,5 ; responsabilité explicite +0,75 ; action associée décrite +0,75.",Les loisirs individuels seuls ne constituent pas un engagement collectif.,datas_extract/06_theo_barbier.txt
06_theo_barbier,international,Ouverture internationale,0.5,0.25,0.0,Espagne — Séjours familiaux; Portugal — Séjours familiaux,"Socle 0,25 même sans séjour ; séjour d'études/échange/immersion explicite +0,25. Aucun point pour la nationalité.",Motif du séjour à vérifier s'il est ambigu.,datas_extract/06_theo_barbier.txt
06_theo_barbier,coherence,Liens factuels avec Business & Data,0.5,0.25,0.0,Rubriques avec un lien explicite : formation,"+0,25 par rubrique reliée à Business & Data, plafond 0,5. Indicateur de liens factuels, sans jugement sur la motivation.",La cohérence du projet personnel reste à discuter avec le candidat.,datas_extract/06_theo_barbier.txt
07_manon_petit,academique,Excellence académique,6.0,3.5,0.0,"Baccalauréat Général; Assez Bien; Lycée Faidherbe, Lille","Mention explicite : TB 6 ; B 4,5 ; AB 3,5 ; sans mention 2. Aucun point lié à la réputation du lycée ou au redoublement.",Vérifier la mention sur le justificatif académique.,datas_extract/07_manon_petit.txt
07_manon_petit,quantitatif,Aptitude quantitative,4.0,2.75,0.0,Mathématiques; NSI; Physique-Chimie; Moyenne générale — 12.9; Mathématiques premier trimestre — 11.4; Mathématiques troisième trimestre — 13.8,"Maths en spécialité +1,5 ; autre spécialité scientifique +0,5 ; concours scientifique +0,5 ; note de maths jusqu'à +1,5.",Mathématiques troisième trimestre : 13.8/20 retenu.,datas_extract/07_manon_petit.txt
07_manon_petit,tech,Compétences data / tech,2.0,1.25,0.0,"HTML — notions; CSS — notions; Python — bases en NSI; Word; Excel; PowerPoint; Site web personnel NSI (2025) : site vitrine HTML/CSS sur les centres d’intérêt, commencé en Première, non finalisé, pas de mise en ligne","Socle 0,5 ; langage +0,5 ; outil data/Excel avancé +0,25 ; projet +0,5 (+0,25 si inachevé) ; certification data obtenue +0,25.",Les niveaux sont déclarés. Contrôler les projets et certificats ; une technologie hors liste demande une revue.,datas_extract/07_manon_petit.txt
07_manon_petit,langues,Anglais et langues,2.0,1.25,0.0,Anglais — B1; Néerlandais — notions (LV2),"Anglais jusqu'à 1,5 selon le niveau ou le score explicite ; autre langue mentionnée +0,5.",Niveau explicitement annoncé : B1 (déclaratif sauf certificat vérifié).,datas_extract/07_manon_petit.txt
07_manon_petit,experience,Expérience professionnelle,3.0,0.5,0.0,Aucun élément mentionné.,"Socle 0,5 ; première expérience +0,75 ; deuxième +0,75 ; missions décrites +0,5 ; régularité ou durée explicite suffisante +0,5.",Durées conservées telles qu'écrites ; pas de conversion approximative des dates.,datas_extract/07_manon_petit.txt
07_manon_petit,engagement,Engagement et responsabilités,2.0,0.5,0.0,"Membre — Club photo du lycée — Depuis la Seconde, participation à l’exposition de fin d’année","Activité collective +0,5 ; responsabilité explicite +0,75 ; action associée décrite +0,75.",Les loisirs individuels seuls ne constituent pas un engagement collectif.,datas_extract/07_manon_petit.txt
07_manon_petit,international,Ouverture internationale,0.5,0.25,0.0,Aucun élément mentionné.,"Socle 0,25 même sans séjour ; séjour d'études/échange/immersion explicite +0,25. Aucun point pour la nationalité.",Motif du séjour à vérifier s'il est ambigu.,datas_extract/07_manon_petit.txt
07_manon_petit,coherence,Liens factuels avec Business & Data,0.5,0.5,0.0,"Rubriques avec un lien explicite : formation, competences","+0,25 par rubrique reliée à Business & Data, plafond 0,5. Indicateur de liens factuels, sans jugement sur la motivation.",La cohérence du projet personnel reste à discuter avec le candidat.,datas_extract/07_manon_petit.txt
08_adam_fontaine,academique,Excellence académique,6.0,4.5,0.0,"Baccalauréat Général; Bien; Lycée Blaise Pascal, Clermont-Ferrand","Mention explicite : TB 6 ; B 4,5 ; AB 3,5 ; sans mention 2. Aucun point lié à la réputation du lycée ou au redoublement.",Vérifier la mention sur le justificatif académique.,datas_extract/08_adam_fontaine.txt
08_adam_fontaine,quantitatif,Aptitude quantitative,4.0,2.25,0.0,SES; Mathématiques; Anglais Monde Contemporain; Moyenne générale — 14.3; SES — 15.7; Mathématiques — 12.1,"Maths en spécialité +1,5 ; autre spécialité scientifique +0,5 ; concours scientifique +0,5 ; note de maths jusqu'à +1,5.",Mathématiques : 12.1/20 retenu.,datas_extract/08_adam_fontaine.txt
08_adam_fontaine,tech,Compétences data / tech,2.0,0.5,0.0,Pack Office,"Socle 0,5 ; langage +0,5 ; outil data/Excel avancé +0,25 ; projet +0,5 (+0,25 si inachevé) ; certification data obtenue +0,25.",Les niveaux sont déclarés. Contrôler les projets et certificats ; une technologie hors liste demande une revue.,datas_extract/08_adam_fontaine.txt
08_adam_fontaine,langues,Anglais et langues,2.0,1.5,0.0,"Anglais — B2, pas de certification; Espagnol — A2","Anglais jusqu'à 1,5 selon le niveau ou le score explicite ; autre langue mentionnée +0,5.","Niveau explicitement annoncé : B2, pas de certification (déclaratif sauf certificat vérifié).",datas_extract/08_adam_fontaine.txt
08_adam_fontaine,experience,Expérience professionnelle,3.0,1.75,0.0,"stage — Stage d'observation — Crédit Agricole, agence de Jaude — Décembre 2025, 3 jours — Classement et archivage de dossiers clients ; observation de rendez-vous commerciaux (2 demi-journées)","Socle 0,5 ; première expérience +0,75 ; deuxième +0,75 ; missions décrites +0,5 ; régularité ou durée explicite suffisante +0,5.",Durées conservées telles qu'écrites ; pas de conversion approximative des dates.,datas_extract/08_adam_fontaine.txt
08_adam_fontaine,engagement,Engagement et responsabilités,2.0,0.5,0.0,"Licencié — ASM Clermont — Handball 2020–2026, 6 ans en club, sans responsabilité d’encadrement","Activité collective +0,5 ; responsabilité explicite +0,75 ; action associée décrite +0,75.",Les loisirs individuels seuls ne constituent pas un engagement collectif.,datas_extract/08_adam_fontaine.txt
08_adam_fontaine,international,Ouverture internationale,0.5,0.25,0.0,Aucun élément mentionné.,"Socle 0,25 même sans séjour ; séjour d'études/échange/immersion explicite +0,25. Aucun point pour la nationalité.",Motif du séjour à vérifier s'il est ambigu.,datas_extract/08_adam_fontaine.txt
08_adam_fontaine,coherence,Liens factuels avec Business & Data,0.5,0.5,0.0,"Rubriques avec un lien explicite : formation, experiences","+0,25 par rubrique reliée à Business & Data, plafond 0,5. Indicateur de liens factuels, sans jugement sur la motivation.",La cohérence du projet personnel reste à discuter avec le candidat.,datas_extract/08_adam_fontaine.txt
09_sarah_da_silva,academique,Excellence académique,6.0,3.5,0.0,"Baccalauréat Technologique STMG; Assez Bien; Lycée Gustave Eiffel, Bordeaux","Mention explicite : TB 6 ; B 4,5 ; AB 3,5 ; sans mention 2. Aucun point lié à la réputation du lycée ou au redoublement.",Vérifier la mention sur le justificatif académique.,datas_extract/09_sarah_da_silva.txt
09_sarah_da_silva,quantitatif,Aptitude quantitative,4.0,0.0,1.5,Gestion et Finance; Moyenne générale — 13.4; Épreuve de spécialité Gestion et Finance — 14,"Maths en spécialité +1,5 ; autre spécialité scientifique +0,5 ; concours scientifique +0,5 ; note de maths jusqu'à +1,5.",Note de mathématiques absente ou plusieurs résultats sans ordre univoque. Aucun remplacement par la moyenne générale.,datas_extract/09_sarah_da_silva.txt
09_sarah_da_silva,tech,Compétences data / tech,2.0,0.75,0.0,"Excel — niveau intermédiaire, formules de base et tableaux de gestion; Word — niveau courant; PowerPoint — niveau courant; MOOC Excel, formation complémentaire en cours (certification non annoncée)","Socle 0,5 ; langage +0,5 ; outil data/Excel avancé +0,25 ; projet +0,5 (+0,25 si inachevé) ; certification data obtenue +0,25.",Les niveaux sont déclarés. Contrôler les projets et certificats ; une technologie hors liste demande une revue.,datas_extract/09_sarah_da_silva.txt
09_sarah_da_silva,langues,Anglais et langues,2.0,1.25,0.0,"Anglais — B1; Portugais — compréhension orale, langue familiale","Anglais jusqu'à 1,5 selon le niveau ou le score explicite ; autre langue mentionnée +0,5.",Niveau explicitement annoncé : B1 (déclaratif sauf certificat vérifié).,datas_extract/09_sarah_da_silva.txt
09_sarah_da_silva,experience,Expérience professionnelle,3.0,3.0,0.0,"job_etudiant — Vendeuse — Jennyfer, centre commercial Mériadeck — Juillet-août 2025, 5 semaines — Conseil client, mise en rayon, tenue de caisse et opérations de soldes; stage — Stage de Première STMG — Cabinet comptable Ducasse & Associés — 2025, 2 semaines — Saisie de pièces comptables, classement","Socle 0,5 ; première expérience +0,75 ; deuxième +0,75 ; missions décrites +0,5 ; régularité ou durée explicite suffisante +0,5.",Durées conservées telles qu'écrites ; pas de conversion approximative des dates.,datas_extract/09_sarah_da_silva.txt
09_sarah_da_silva,engagement,Engagement et responsabilités,2.0,0.0,0.0,Aucun élément mentionné.,"Activité collective +0,5 ; responsabilité explicite +0,75 ; action associée décrite +0,75.",Les loisirs individuels seuls ne constituent pas un engagement collectif.,datas_extract/09_sarah_da_silva.txt
09_sarah_da_silva,international,Ouverture internationale,0.5,0.25,0.0,Aucun élément mentionné.,"Socle 0,25 même sans séjour ; séjour d'études/échange/immersion explicite +0,25. Aucun point pour la nationalité.",Motif du séjour à vérifier s'il est ambigu.,datas_extract/09_sarah_da_silva.txt
09_sarah_da_silva,coherence,Liens factuels avec Business & Data,0.5,0.5,0.0,"Rubriques avec un lien explicite : formation, competences, experiences","+0,25 par rubrique reliée à Business & Data, plafond 0,5. Indicateur de liens factuels, sans jugement sur la motivation.",La cohérence du projet personnel reste à discuter avec le candidat.,datas_extract/09_sarah_da_silva.txt
10_kevin_dubreuil,academique,Excellence académique,6.0,2.0,0.0,"Baccalauréat Général; sans mention; Lycée Voltaire, Orléans","Mention explicite : TB 6 ; B 4,5 ; AB 3,5 ; sans mention 2. Aucun point lié à la réputation du lycée ou au redoublement.",Vérifier la mention sur le justificatif académique.,datas_extract/10_kevin_dubreuil.txt
10_kevin_dubreuil,quantitatif,Aptitude quantitative,4.0,0.0,1.5,Arts Plastiques; Histoire-Géographie; SES; Moyenne générale — 12.1,"Maths en spécialité +1,5 ; autre spécialité scientifique +0,5 ; concours scientifique +0,5 ; note de maths jusqu'à +1,5.",Note de mathématiques absente ou plusieurs résultats sans ordre univoque. Aucun remplacement par la moyenne générale.,datas_extract/10_kevin_dubreuil.txt
10_kevin_dubreuil,tech,Compétences data / tech,2.0,0.5,0.0,Word; PowerPoint,"Socle 0,5 ; langage +0,5 ; outil data/Excel avancé +0,25 ; projet +0,5 (+0,25 si inachevé) ; certification data obtenue +0,25.",Les niveaux sont déclarés. Contrôler les projets et certificats ; une technologie hors liste demande une revue.,datas_extract/10_kevin_dubreuil.txt
10_kevin_dubreuil,langues,Anglais et langues,2.0,0.5,0.0,Anglais — scolaire,"Anglais jusqu'à 1,5 selon le niveau ou le score explicite ; autre langue mentionnée +0,5.",Niveau explicitement annoncé : scolaire (déclaratif sauf certificat vérifié).,datas_extract/10_kevin_dubreuil.txt
10_kevin_dubreuil,experience,Expérience professionnelle,3.0,0.5,0.0,Aucun élément mentionné.,"Socle 0,5 ; première expérience +0,75 ; deuxième +0,75 ; missions décrites +0,5 ; régularité ou durée explicite suffisante +0,5.",Durées conservées telles qu'écrites ; pas de conversion approximative des dates.,datas_extract/10_kevin_dubreuil.txt
10_kevin_dubreuil,engagement,Engagement et responsabilités,2.0,0.0,0.0,Aucun élément mentionné.,"Activité collective +0,5 ; responsabilité explicite +0,75 ; action associée décrite +0,75.",Les loisirs individuels seuls ne constituent pas un engagement collectif.,datas_extract/10_kevin_dubreuil.txt
10_kevin_dubreuil,international,Ouverture internationale,0.5,0.25,0.0,Aucun élément mentionné.,"Socle 0,25 même sans séjour ; séjour d'études/échange/immersion explicite +0,25. Aucun point pour la nationalité.",Motif du séjour à vérifier s'il est ambigu.,datas_extract/10_kevin_dubreuil.txt
10_kevin_dubreuil,coherence,Liens factuels avec Business & Data,0.5,0.25,0.0,Rubriques avec un lien explicite : formation,"+0,25 par rubrique reliée à Business & Data, plafond 0,5. Indicateur de liens factuels, sans jugement sur la motivation.",La cohérence du projet personnel reste à discuter avec le candidat.,datas_extract/10_kevin_dubreuil.txt
11_chloe_renard,academique,Excellence académique,6.0,2.0,0.0,"Baccalauréat Général; sans mention; Lycée Jean-Baptiste Corot, Savigny-sur-Orge; Année de Terminale redoublée, 2024–2026, même établissement","Mention explicite : TB 6 ; B 4,5 ; AB 3,5 ; sans mention 2. Aucun point lié à la réputation du lycée ou au redoublement.",Vérifier la mention sur le justificatif académique.,datas_extract/11_chloe_renard.txt
11_chloe_renard,quantitatif,Aptitude quantitative,4.0,0.0,1.5,SES; Histoire-Géographie; Humanités Littérature et Philosophie; Moyenne générale — 11.4,"Maths en spécialité +1,5 ; autre spécialité scientifique +0,5 ; concours scientifique +0,5 ; note de maths jusqu'à +1,5.",Note de mathématiques absente ou plusieurs résultats sans ordre univoque. Aucun remplacement par la moyenne générale.,datas_extract/11_chloe_renard.txt
11_chloe_renard,tech,Compétences data / tech,2.0,0.5,0.0,Aucun élément mentionné.,"Socle 0,5 ; langage +0,5 ; outil data/Excel avancé +0,25 ; projet +0,5 (+0,25 si inachevé) ; certification data obtenue +0,25.",Les niveaux sont déclarés. Contrôler les projets et certificats ; une technologie hors liste demande une revue.,datas_extract/11_chloe_renard.txt
11_chloe_renard,langues,Anglais et langues,2.0,1.0,0.0,Anglais — scolaire; Espagnol — notions,"Anglais jusqu'à 1,5 selon le niveau ou le score explicite ; autre langue mentionnée +0,5.",Niveau explicitement annoncé : scolaire (déclaratif sauf certificat vérifié).,datas_extract/11_chloe_renard.txt
11_chloe_renard,experience,Expérience professionnelle,3.0,0.5,0.0,Aucun élément mentionné.,"Socle 0,5 ; première expérience +0,75 ; deuxième +0,75 ; missions décrites +0,5 ; régularité ou durée explicite suffisante +0,5.",Durées conservées telles qu'écrites ; pas de conversion approximative des dates.,datas_extract/11_chloe_renard.txt
11_chloe_renard,engagement,Engagement et responsabilités,2.0,0.0,0.0,Aucun élément mentionné.,"Activité collective +0,5 ; responsabilité explicite +0,75 ; action associée décrite +0,75.",Les loisirs individuels seuls ne constituent pas un engagement collectif.,datas_extract/11_chloe_renard.txt
11_chloe_renard,international,Ouverture internationale,0.5,0.25,0.0,Aucun élément mentionné.,"Socle 0,25 même sans séjour ; séjour d'études/échange/immersion explicite +0,25. Aucun point pour la nationalité.",Motif du séjour à vérifier s'il est ambigu.,datas_extract/11_chloe_renard.txt
11_chloe_renard,coherence,Liens factuels avec Business & Data,0.5,0.25,0.0,Rubriques avec un lien explicite : formation,"+0,25 par rubrique reliée à Business & Data, plafond 0,5. Indicateur de liens factuels, sans jugement sur la motivation.",La cohérence du projet personnel reste à discuter avec le candidat.,datas_extract/11_chloe_renard.txt
